{"diagMRLeft":{"MRs":[1.0,1.0,1.0,1.0],"breakSamples":[0.0,0.0,0.0,0.0,0.0,0.0,0.0,0.0,0.0],"distanceRatio":0.9456279713546368,"headChange":1.375,"motors":["LF","RF","RB","LB"],"selectedIndex":0},"diagMRRight":{"MRs":[1.0,1.0,1.0,0.93],"breakSamples":[0.0,0.0,0.0,0.0,0.0,0.0,0.0,0.0,0.0],"distanceRatio":0.9904839036242155,"headChange":4.125,"motors":["LF","RF","RB","LB"],"selectedIndex":0},"horizontalTicksDegree":32.65472386179931,"horizontalTicksDegreeLeft":32.02985074626866,"horizontalTicksDegreeRight":33.27959697732997,"minRadiusLeft":12.863740808823529,"minRadiusRight":12.919921874999998,"moveMRBack":{"MRs":[0.8973811614676797,0.9990254800787275,1.0,1.0],"breakSamples":[57.0,952.9999999999999,2195.0,4276.0,7362.0,10399.0,13196.0,18329.0,22413.0],"distanceRatio":0.9978470747248503,"headChange":0.75,"motors":["LF","RF","RB","LB"],"selectedIndex":0},"moveMRForward":{"MRs":[0.8973811614676797,0.9990254800787275,1.0,1.0],"breakSamples":[57.0,952.9999999999999,2195.0,4276.0,7362.0,10399.0,13196.0,18329.0,22413.0],"distanceRatio":0.9946305028740577,"headChange":1.375,"motors":["LF","RF","RB","LB"],"selectedIndex":0},"spinLeftConfig":{"MRs":[1.0,1.0,1.0,1.0],"breakSamples":[0.6692487770789652,0.6276176333566275,0.6278907523876078,0.5887957139529467,0.5176677148846962,0.5443943629163757,0.43440542744001936,0.2718605870020964,0.2947635686000469],"distanceRatio":1.0,"headChange":0.0,"motors":["LF","RF","RB","LB"],"selectedIndex":0},"spinRightConfig":{"MRs":[1.0,1.0,1.0,1.0],"breakSamples":[0.686143139995341,0.6517691590962031,0.5913318192406243,0.6045976007453999,0.5609375727929187,0.48852201257861655,0.4026455858374099,0.29000349406009757,0.32449452597251377],"distanceRatio":1.0,"headChange":0.0,"motors":["LF","RF","RB","LB"],"selectedIndex":0},"strafeLeftReduction":{"MRs":[0.8699999999999999,1.0,1.0,1.0],"breakSamples":[0.0,0.0,0.0,0.0,0.0,0.0,0.0,0.0,0.0],"distanceRatio":-902.0,"headChange":3.9375,"motors":["LF","RF","RB","LB"],"selectedIndex":0},"strafeRightReduction":{"MRs":[0.8899999999999999,1.0,1.0,1.0],"breakSamples":[0.0,0.0,0.0,0.0,0.0,0.0,0.0,0.0,0.0],"distanceRatio":-1708.0,"headChange":1.0,"motors":["LF","RF","RB","LB"],"selectedIndex":0},"wheelBaseSeparation":12.514575559701493}